number,name
2027 CIP NEW,2027 CIP NEW PROJECT REQUEST FORM
2027 PROP INV,2027 HPD PROPERTY INVENTORY/PLANNING SURVEY
DIAGRAM-HPD INCIDENT,DIAGRAM: HPD INCIDENT REPORT DIAGRAM TEMPLATE (Vertical)
DIAGRAM-HPD MVC,DIAGRAM: HPD MVC DIAGRAM TEMPLATE (Horizontal)
HPD-001,"ABSTRACT OF
  CRIMINAL RECORD"
HPD-002,FIREARMS  RECORD
HPD-002A,QUALIFICATION  SCORE SHEET-COMBAT COURSE
HPD-002B,"SHOTGUN
  QUALIFICATION SCORE SHEET"
HPD-009,COMMUNICATIONS DIVISION HIGHLIGHTS
HPD-009-1,COMMUNICATIONS DIVISION HIGHLIGHTS-Noteworthy Cases
HPD-009A,"DOR-OBSERVATION
  AND TRAINING NARRATIVE"
HPD-009B,"DOR-WEEKLY
  SUMMARY REPORT"
HPD-009C,"TRAINING
  PERFORMANCE TALLY SHEET"
HPD-009D,"FALSE
  EMERGENCY DECLARATION"
HPD-009E,MOTOR VEHICLE PURSUIT - For PCO
HPD-009EE,MOTOR VEHICLE PURSUIT-For LT and PCO IV
HPD-009F,EMPLOYEE INVOLVED IN DOMESTIC VIOLENCE CASE
HPD-009G,COMMUNICATIONS DAILY ROSTER
HPD-011,JUVENILES - CONSTITUTIONAL RIGHTS (CRS)
"HPD-011, Chinese",JUVENILES - CONTSTITUTIONAL RIGHTS (CHINESE)
"HPD-011, Chuukese",JUVENILES - CONTSTITUTIONAL RIGHTS (CHUUKESE)
"HPD-011, Ilokano",JUVENILES - CONSTITUTIONAL RIGHTS (ILOKANO)
"HPD-011, Japanese",JUVENILES - CONSTITUTIONAL RIGHTS (JAPANESE)
"HPD-011, Korean",JUVENILES - CONSTITUTIONAL RIGHTS (KOREAN)
"HPD-011, Laotian",JUVENILES - CONSTITUTIONAL RIGHTS (LAOTIAN)
"HPD-011, Marshallese",JUVENILES - CONSTITUTIONAL RIGHTS (MARSHALLESE)
"HPD-011, Samoan",JUVENILES - CONSTITUTIONAL RIGHTS (SAMOAN)
"HPD-011, Spanish",JUVENILES - CONSTITUTIONAL RIGHTS (SPANISH)
"HPD-011, Tagalog",JUVENILES - CONSTITUTIONAL RIGHTS (TAGALOG)
"HPD-011, Tongan",JUVENILES - CONSTITUTIONAL RIGHTS (TONGAN)
"HPD-011, Vietnamese",JUVENILES - CONSTITUTIONAL RIGHTS (VIETNAMESE)
HPD-013,PHYSICIAN'S REPORT (CRS)
HPD-013A,REQUIREMENT  TO WITHDRAW BLOOD FOR TESTING (CRS)
HPD-013B,"SEX OFFENDER REGISTRATION, REQUIREMENT TO PROVIDE BLOOD SAMPLE (CRS)"
HPD-013D,REQUIREMENT  FOR FELON TO PROVIDE BLOOD SAMPLE (CRS)
HPD-014,"DAILY
  ACTIVITY BULLETIN"
HPD-014A,"CID
  BULLETIN"
HPD-014B,"CID
  HIGHLIGHTS"
HPD-015B,PERSONAL HISTORY SUMMARY-CARDEX INFORMATION
HPD-016,"CRIMINAL
  INTELLIGENCE INFORMATION CARD"
HPD-016B,"IEU
  INFORMATION CARD"
HPD-017,TRAFFIC SAFETY SECTION DAILY STATISTICAL REPORT
HPD-017A,"DAILY
  ENFORCEMENT REPORT"
HPD-020,REQUEST TO TAKE EMPLOYEE ID PHOTOGRAPH
HPD-023,ATTENDANCE  RECORD CARD
HPD-025,DAILY ATTENDANCE REPORT
HPD-025A,WEEKLY ATTENDANCE REPORT
HPD-026,DAILY AUTO RECORD
HPD-027,MINOR'S  PERMIT FOR STREET TRADE - APPLICATION
HPD-029,LATENT  PRINT CARD
HPD-034,FINGERPRINT  CARD - LOCAL
HPD-034A,JUVENILE  FINGERPRINT CARD
HPD-035,CID THEFT  FOLLOW-UP REPORT
HPD-037,SUPPLEMENTAL ATTACHMENT PAGE (CRS)
HPD-040,MOBILE DATA COMPUTER REPAIR FORM
HPD-041,INTOXILYZER  OPERATIONAL CHECKLIST (CRS)
HPD-042,LIVESCAN LOG
HPD-042A,JUVENILE  IDENTIFICATION RECORD
HPD-043A,EMERGENCY  STATUS CARD
HPD-044,EQUIPMENT  RECORD
HPD-045B,TOW WAGON REQUEST LOG
HPD-046,"LATENT  PRINTS, TRANSFER OF CUSTODY - ENVELOPE"
HPD-047,FIELD INFORMATION CARD
HPD-048,INVENTORY OF TOWED AUTOMOBILE
HPD-049,INTER-OFFICE MEMORANDUM & ROUTING SLIP
HPD-050,MINOR'S  PERMIT FOR STREET TRADE
HPD-051,JUVENILE  FOLLOW-UP CARD
HPD-052,"DRUG
  URINALYSIS SCREENING PROGRAM TESTING PROCEDURES"
HPD-052A,"ACKNOWLEDGMENT
  OF DRUG URINALYSIS SCREENING PROGRAM"
HPD-053,"PETITION BY
  POLICE OFFICER"
HPD-056,POLICE  TRAINING SCHOOL RECORD
HPD-057,SPECIAL DUTY SITE INSPECTION
HPD-057B,"CONSTRUCTION
  SITE GUIDELINES"
HPD-057C,POLICE SPECIAL DUTY EMPLOYMENT REQUEST
HPD-057E,"REQUIREMENT
  FOR TRAFFIC CONTROL DEVICES S.O. 77-24"
HPD-057F,VOLUNTEER SPECIAL DUTY
HPD-057G,SPECIAL  DUTY CARD
HPD-057H,JOB RECORD  CARD
HPD-057I,MONTHLY  EARNINGS RECORD
HPD-060,"DAILY
  INSPECTIONAL DUTIES - RECEIVING DESK"
HPD-060A,"DISTRICT 2
  DESK SERGEANT'S DAILY INSPECTION DUTIES"
HPD-061,"PROPERTY
  INVENTORY FOR DECEASED PERSON"
HPD-062,MODEL/TALENT PHOTO RELEASE
HPD-065,ESCORT CARD
HPD-066,OVERTIME CREDIT CARD
HPD-066A,REQUEST  FOR COMPENSATORY TIME OFF
HPD-066B,STANDBY PAY CARD
HPD-067,"SECTION
  REPORT - TASK GROUP"
HPD-067A,"SECTION
  REPORT - CANINE"
HPD-067B,"PRE-ACCEPTANCE
  AND HISTORY FORM"
HPD-067D,"OWNERSHIP
  TRANSFER AGREEMENT"
HPD-067F,"SECTION
  REPORT - HELICOPTER/AIRPORT/PARKS"
HPD-067I,"SECTION
  REPORT"
HPD-068,CASH  RECEIPT - OFFICIAL
HPD-071,"CRIME SCENE
  INVESTIGATION REPORT"
HPD-073,TRAINING DIVISION APPLICATION FORM
HPD-073A,"APPLICANT
  PRE-ACCEPTANCE CHECKLIST (TRAINING DIVISION APPLICATION FORM)"
HPD-074A,PRESS PASS
HPD-075,PSYCHOLOGICAL EMERGENCY REPORT FORM
HPD-077,"POLICE
  GARAGE PARTS REQUISITION"
HPD-078,PHYSICAL FITNESS ACTIVITY
HPD-080,PHYSICIAN'S  FIRST REPORT
HPD-081,CONSTITUTIONAL RIGHTS - ADULT INTERROGATION (CRS)
"HPD-081, Chinese",CONSTITUTIONAL RIGHTS - ADULT INTERROGATION (CHINESE)
"HPD-081, Chuukese",CONSTITUTIONAL RIGHTS - ADULT INTERROGATION (CHUUKESE)
"HPD-081, Ilokano",CONSTITUTIONAL RIGHTS - ADULT INTERROGATION (ILOKANO)
"HPD-081, Japanese",CONSTITUTIONAL RIGHTS - ADULT INTERROGATION (JAPANESE)
"HPD-081, Korean",CONSTITUTIONAL RIGHTS - ADULT INTERROGATION (KOREAN)
"HPD-081, Laotian",CONSTITUTIONAL RIGHTS - ADULT INTERROGATION (LAOTIAN)
"HPD-081, Marshallese",CONSTITUTIONAL RIGHTS - ADULT INTERROGATION (MARSHALLESE)
"HPD-081, Samoan",CONSTITUTIONAL RIGHTS - ADULT INTERROGATION (SAMOAN)
"HPD-081, Spanish",CONSTITUTIONAL RIGHTS - ADULT INTERROGATION (SPANISH)
"HPD-081, Tagalog",CONSTITUTIONAL RIGHTS - ADULT INTERROGATION (TAGALOG)
"HPD-081, Tongan",CONSTITUTIONAL RIGHTS - ADULT INTERROGATION (TONGAN)
"HPD-081, Vietnamese",CONSTITUTIONAL RIGHTS - ADULT INTERROGATION (VIETNAMESE)
HPD-083,PROPERTY RECEIPT (CRS)
HPD-084,"FIREARMS
  INFORMATION FORM - OUT-OF-STATE ACQUISITION, ETC."
HPD-084A,"FIREARMS
  INFORMATION FOR MOTION PICTURE OR TV PROGRAM PRODUCTION"
HPD-085,HPD BODY-WORN CAMERA EQUIPMENT MALFUNCTION FORM
HPD-085A,HPD BODY WORN CAMERA ASSESSMENT PROGRAM
HPD-089,MEDICAL INFORMATION WAIVER
HPD-090,FIREARM  PHOTOGRAPH AND FINGERPRINT RECORD
HPD-091,"GRAPHIC
  ARTIST - REQUEST FOR SERVICE"
HPD-096A,"DETECTIVE
  FACT SHEET"
HPD-099,"SPECIAL
  POLICE COMMISSION - INFORMATION CARD"
HPD-100,"AUTHORIZATION
  TO WITHDRAW TAPE HELD IN EVIDENCE"
HPD-101,STATEMENT  OF RECEIPT OF DETAINEE'S PROPERTY
HPD-101A,DETAINEE EXCESS PROPERTY FORM
HPD-102,APPLICATION  FOR A SPECIAL OFFICER COMMISSION
HPD-103,"DAILY
  TRUANCY LOG"
HPD-103A,"TRUANCY
  REPORT SUMMARY"
HPD-103C,"TRUANCY
  RECORD"
HPD-105,ARSENAL  ISSUANCE CARD
HPD-107B,HONOLULU POLICE DEPARTMENT CRIME ANALYSIS REQUEST (CRS)
HPD-108D,MVA REPORT  - MINOR MOTOR VEHICLE COLLISION REPORT (CRS)
HPD-109,"ARMORY
  CHECK"
HPD-112A,"SHOOTING
  GALLERY - APPLICATION FOR PERMIT"
HPD-114,"ROADBLOCK
  INFORMATION"
HPD-115,INDIVIDUAL PROPERTY RECEIPT (First Issue)
HPD-115A,INDIVIDUAL PROPERTY RECEIPT (Replacement Issue)
HPD-115C,SSD INDIVIDUAL PROPERTY RECEIPT
HPD-115D,ITD INDIVIDUAL PROPERTY RECEIPT
HPD-115E,ITD INDIVIDUAL PROPERTY RECIEPT (Continuation Sheet)
HPD-115F,TRAFFIC  DIVISION INDIVIDUAL PROPERTY RECEIPT
HPD-116,"DEFACED
  VEHICLE AND/OR PARTS"
HPD-117,"EARNED
  OVERTIME"
HPD-118,PERSONAL  HISTORY FILE
HPD-121,NOTICE OF DISCIPLINARY ACTION
HPD-123,DETAINEE TELEPHONE LOG
HPD-130,NARCOTICS WITHDRAWAL FOR TRAINING REQUEST
HPD-131,"FIREARMS -
  APPLICATION FOR PERMIT TO ACQUIRE FIREARMS"
HPD-131A,"APPLICATION
  FOR A PERMIT ALLOWING ALIENS TO CARRY FIREARMS"
HPD-131B,"FIREARM
  APPLICATION QUESTIONNAIRE"
HPD-131D,DENIAL  CARD
HPD-131E,APPLICATION  FOR A LICENSE TO CARRY AN OPEN/CONCEALED FIREARM
HPD-132,FIREARMS REGISTRATION STATE OF HAWAII
HPD-133,OBNOXIOUS  SUBSTANCE - PERMIT
HPD-133C,"OBNOXIOUS
  SUBSTANCE - AGENCY APPLICATION AND LICENSE"
HPD-137,"ACCIDENT
  REPORT - REQUEST FOR COPIES"
HPD-141,FELONY CASE DISPOSITION
HPD-142,DAILY SPECIAL ASSIGNMENT AUTO RECORD
HPD-149,"LONG
  DISTANCE TELEPHONE CALL"
HPD-149A,"UNAUTHORIZED
  LONG DISTANCE CALLS"
HPD-150,"FIREARMS -
  PERMIT TO CARRY - APPLICATION"
HPD-150A,APPLICATION FOR A LICENSE TO CARRY FIREARM (ARMED GUARDS/DETECTIVES)
HPD-150B,APPLICATION FOR A LICENSE TO CARRY CONCEALED FIREARM (CIVILIAN/NOT FOR ARMED GUARDS)
HPD-150C,APPLICATION FOR A LICENSE TO CARRY UNCONCEALED FIREARM (CIVILIAN/NOT FOR ARMED GUARDS)
HPD-150D,HIPAA AUTHORIZATION TO RELEASE PROTECTED HEALTH INFORMATION
HPD-150E, APPLICATION FOR VERIFICATION TO ADMINISTER FIREARMS COURSE
HPD-150F,PERMIT TO  CARRY FIREARMS
HPD-150G,REQUEST FOR MENTAL HEALTH/SUBSTANCE ABUSE INFORMATION REGARDING APPLICATION FOR LICENSE TO CARRY CONCEALED FIREARM
HPD-151,"HELICOPTER
  WAIVER FORM"
HPD-151A,"WAIVER
  FORM FOR HELICOPTER RIDE (MINOR)"
HPD-152,"INMATE
  FURLOUGH INFORMATION REQUESTS"
HPD-152C,"INMATE
  FURLOUGH INFORMATION REQUESTS"
HPD-153,"REQUEST TO
  EXAMINE HOSPITAL RECORDS"
HPD-157,FEMA CENTER FOR HOMELAND SECURITY AND DEFENSE APPLICATION
HPD-158,FBI NATIONAL ACADEMY APPLICATION
HPD-159,TRAFFIC  CITATION TURNED IN BY OFFICER (Form to be printed directly from the HPD Intranet)
HPD-159A,"DAILY
  CITATION REPORT"
HPD-159B,PARKING  ENFORCEMENT SECTION ROUTE REPORT
HPD-159C,PARKING  ENFORCEMENT DAILY CITATION SUMMARY
HPD-162,"CELLBLOCK
  RUNNING LOG"
HPD-165,CASE RECORD
HPD-167,POSSIBLE  LIQUOR LAW VIOLATION
HPD-172,WITHDRAWAL OF COMPLAINT AND RELEASE (CRS)
"HPD-172, Chinese",WITHDRAWAL OF COMPLAINT AND RELEASE (CHINESE)
"HPD-172, Chuukese",WITHDRAWAL OF COMPLAINT AND RELEASE (CHUUKESE)
"HPD-172, Ilokano",WITHDRAWAL OF COMPLAINT AND RELEASE (ILOKANO)
"HPD-172, Japanese",WITHDRAWAL OF COMPLAINT AND RELEASE (JAPANESE)
"HPD-172, Korean",WITHDRAWAL OF COMPLAINT AND RELEASE (KOREAN)
"HPD-172, Laotian",WITHDRAWAL OF COMPLAINT AND RELEASE (LAOTIAN)
"HPD-172, Marshallese",WITHDRAWAL OF COMPLAINT AND RELEASE (MARSHALLESE)
"HPD-172, Samoan",WITHDRAWAL OF COMPLAINT AND RELEASE (SAMOAN)
"HPD-172, Spanish",WITHDRAWAL OF COMPLAINT AND RELEASE (SPANISH)
"HPD-172, Tagalog",WITHDRAWAL OF COMPLAINT AND RELEASE (TAGALOG)
"HPD-172, Tongan",WITHDRAWAL OF COMPLAINT AND RELEASE (TONGAN)
"HPD-172, Vietnamese",WITHDRAWAL OF COMPLAINT AND RELEASE (VIETNAMESE)
HPD-173,"CLOSING  REPORT, MOTOR VEHICLE COLLISION (CRS)"
HPD-173A,CONTINUATION
HPD-173B,"173 FILLED
  (WITH ASSIGNMENT, FOLLOW-UP, COMMENTS, DISP.)"
HPD-175,"VEHICLE
  EVIDENCE TAG"
HPD-176,"INTOXILYZER
  LOG"
HPD-176A,"DUI ARREST
  - BLOOD TEST LOG"
HPD-176B,"DUI ARREST
  - REFUSAL LOG"
HPD-177,"REIMBURSEMENT
  FOR SUBSIDIZED VEHICLE"
HPD-178,"REQUEST TO
  REVIEW POLICE REPORTS"
HPD-182,SPECIAL  POLICE COMMISSION - REQUEST
HPD-184,PAL  MEMBERSHIP APPLICATION
HPD-185,SECURITY-VISITOR LOG
HPD-187,HONOLULU POLICE DEPARTMENT GANG INFORMATION FORM
HPD-188,"CONSENSUAL
  MONITORING FORM"
HPD-189,PROPOSAL FOR UNIFORM AND EQUIPMENT COMMITTEE
HPD-190,CONFIDENTIAL COVER SHEET
HPD-191,JUVENILE ARREST REPORT (CRS)
HPD-191A,JUVENILE  ARREST INFORMATION SHEET - RCD. PRINTS (CRS)
HPD-192E,USE OF FORCE AND CONDUCTED ENERGY WEAPON REPORT (CRS)
HPD-197,MVC ACCIDENT  INFORMATION EXCHANGE
HPD-198,PATROL  ASSIGNMENT SHEET
HPD-198A,NON-PATROL  ASSIGNMENT SHEET
HPD-207,CRIME LAB WORK REQUEST AND FOLLOW-UP REPORT (CRS)
HPD-207A,ID SECTION WORK REQUEST AND RESULTS (CRS)
HPD-207B,CONTINUATION REPORT (CRS)
HPD-207C,PHOTO LAB  WORK REQUEST AND RESULTS (CRS)
HPD-207D,DNA WORK REQUEST
HPD-207E,ID SECTION CONFERRAL WORK REQUEST (CRS)
HPD-208,"HPD
  ENFORCEMENT SUMMARY REPORT"
HPD-213,"PARKS
  DETAIL ASSIGNMENTS"
HPD-214,GASOLINE ISSUANCE RECORD
HPD-219,AUTOMOBILE CHECK LIST
HPD-219A,"PAL VAN
  CHECK LIST"
HPD-219B,"VAN
  CHECKLIST (used to be SCOUT VEHICLE CHECK LIST)"
HPD-219C,"CAMARO
  CHECKLIST"
HPD-219D,"GO-4
  CHECKLIST"
HPD-219E,"ITD
  VEHICLE SIGN OUT SHEET"
HPD-219F,"MINI BUS
  CHECKLIST"
HPD-219G,SEDAN CHECK LIST
HPD-219H,SPORT UTILITY VEHICLE CHECK LIST
HPD-219I,TRUCK CHECK LIST
HPD-222,ATTEMPT TO SERVE LEGAL INSTRUMENT
HPD-222A,JUSTIFICATION OF NON-SERVICE
HPD-222B,ABUSE/TRO  VIOLATION ARREST ATTEMPT
HPD-223,JUVENILE  APPOINTMENT CARD
HPD-228,BOOKING  INFORMATION (CRS)
HPD-230,EVIDENCE OR FOUND PROPERTY - AUTHORIZATION TO RELEASE (CRS)
HPD-233,PARENTAL CONSENT FOR MINORS TO PARTICIPATE
HPD-233B,INSTRUCTIONS FOR PARTICIPANTS
HPD-243,WEEKLY SUMMARY REPORT TO TRAFFIC DIVISION
HPD-243A,TRAFFIC  SAFETY AWARENESS CONTACT
HPD-243B,TRAFFIC  SAFETY AWARENESS CARD - DISTRICT 3
HPD-243D,DAILY MVC PEDESTRIAN INJURY REPORT LOG
HPD-244,EMPLOYEE CONDITIONS
HPD-247,TRANSIT OF  PERSON HELD IN POLICE CUSTODY - LOG (CRS)
HPD-250,"DEATH
  REPORT"
HPD-251,FOLLOW-UP  CALLING CARD
HPD-251A,TAIS  CONTACT CARD
HPD-252,STATEMENT FORM (CRS)
HPD-252 without Lines,STATEMENT FORM WITHOUT LINES (CRS)
"HPD-252, Chinese",STATEMENT FORM (CHINESE)
"HPD-252, Chuukese",STATEMENT FORM (CHUUKESE)
"HPD-252, Ilokano",STATEMENT FORM (ILOKANO)
"HPD-252, Japanese",STATEMENT FORM (JAPANESE)
"HPD-252, Korean",STATEMENT FORM (KOREAN)
"HPD-252, Laotian",STATEMENT FORM (LAOTIAN)
"HPD-252, Marshallese",STATEMENT FORM (MARSHALLESE)
"HPD-252, Samoan",STATEMENT FORM (SAMOAN)
"HPD-252, Spanish",STATEMENT FORM (SPANISH)
"HPD-252, Tagalog",STATEMENT FORM (TAGALOG)
"HPD-252, Tongan",STATEMENT FORM (TONGAN)
"HPD-252, Vietnamese",STATEMENT FORM (VIETNAMESE)
HPD-252A,STATEMENT FORM CONTINUATION PAGE (CRS)
"HPD-252A, Chinese",STATEMENT FORM CONTINUATION PAGE (CHINESE)
"HPD-252A, Chuukese",STATEMENT FORM CONTINUATION PAGE (CHUUKESE)
"HPD-252A, Ilokano",STATEMENT FORM CONTINUATION PAGE (ILOKANO)
"HPD-252A, Japanese",STATEMENT FORM CONTINUATION PAGE (JAPANESE)
"HPD-252A, Korean",STATEMENT FORM CONTINUATION PAGE (KOREAN)
"HPD-252A, Laotian",STATEMENT FORM CONTIUATION PAGE (LAOTIAN)
"HPD-252A, Marshallese",STATEMENT FORM CONTINUATION PAGE (MARSHALLESE)
"HPD-252A, Samoan",STATEMENT FORM CONTINUATION PAGE (SAMOAN)
"HPD-252A, Spanish",STATEMENT FORM CONTINUATION PAGE (SPANISH)
"HPD-252A, Tagalog",STATEMENT FORM CONTINUATION PAGE (TAGALOG)
"HPD-252A, Tongan",STATEMENT FORM CONTINUATION PAGE (TONGAN)
"HPD-252A, Vietnamese",STATEMENT FORM CONTINUATION PAGE (VIETNAMESE)
HPD-252B,CRITICAL INCIDENT PUBLIC SAFETY STATEMENT
HPD-252JPN,HONOLULU POLICE DEPARTMENT STATEMENT FORM (JAPANESE)
HPD-262,"NOTICE OF
  NON-DISCIPLINARY ACTION"
HPD-271,CID TRACKING CARD:CLOSED CASES REFERRED TO PROSECUTOR FOR DISPOSITION
HPD-271A,TRAFFIC DIVISION TRACKING CARD:  CLOSED CASES REFERRED TO PROSECUTOR FOR DISPOSITION
HPD-276,"JUVENILE
  RUNAWAY REPORT"
HPD-276C,MAILE  AMBER ALERT MESSAGE
HPD-279,ABUSE OF FAMILY/HOUSEHOLD MEMBERS WARNING CITATION
HPD-280,SPECIAL ACCOUNT SUMMARY
HPD-280A,"EXPENDITURES
  FROM SPECIAL ACCOUNT"
HPD-283,DIGITAL  IMAGE FILE ENVELOPE
HPD-284,WARNING PERSON TO BE VIEWED IN LINEUP OF RIGHT TO HAVE AN ATTORNEY PRESENT (CRS)
"HPD-284, Chinese",WARNING PERSON TO BE VIEWED IN LINEUP OF RIGHT TO HAVE AN ATTORNEY PRESENT (CHINESE)
"HPD-284, Chuukese",WARNING PERSON TO BE VIEWED IN LINEUP OF RIGHT TO HAVE AN ATTORNEY PRESENT (CHUUKESE)
"HPD-284, Ilokano",WARNING PERSON TO BE VIEWED IN LINEUP OF RIGHT TO HAVE AN ATTORNEY PRESENT (ILOKANO)
"HPD-284, Japanese",WARNING PERSON TO BE VIEWED IN LINEUP OF RIGHT TO HAVE AN ATTORNEY PRESENT (JAPANESE)
"HPD-284, Korean",WARNING PERSON TO BE VIEWED IN LINEUP OF RIGHT TO HAVE AN ATTORNEY PRESENT (KOREAN)
"HPD-284, Laotian",WARNING PERSON TO BE VIEWED IN LINEUP OF RIGHT TO HAVE AN ATTORNEY PRESENT (LAOTIAN)
"HPD-284, Marshallese",WARNING PERSON TO BE VIEWED IN LINEUP OF RIGHT TO HAVE AN ATTORNEY PRESENT (MARSHALLESE)
"HPD-284, Samoan",WARNING PERSON TO BE VIEWED IN LINEUP OF RIGHT TO HAVE AN ATTORNEY PRESENT (SAMOAN)
"HPD-284, Spanish",WARNING PERSON TO BE VIEWED IN LINEUP OF RIGHT TO HAVE AN ATTORNEY PRESENT (SPANISH)
"HPD-284, Tagalog",WARNING PERSON TO BE VIEWED IN LINEUP OF RIGHT TO HAVE AN ATTORNEY PRESENT (TAGALOG)
"HPD-284, Tongan",WARNING PERSON TO BE VIEWED IN LINEUP OF RIGHT TO HAVE AN ATTORNEY PRESENT (TONGAN)
"HPD-284, Vietnamese",WARNING PERSON TO BE VIEWED IN LINEUP OF RIGHT TO HAVE AN ATTORNEY PRESENT (VIETNAMESE)
HPD-284A,PHOTOGRAPHIC LINE-UP (CRS)
"HPD-284A, Chinese",PHOTOGRAPHIC LINE-UP (CHINESE)
"HPD-284A, Chuukese",PHOTOGRAPHIC LINE-UP (CHUUKESE)
"HPD-284A, Ilokano",PHOTOGRAPHIC LINE-UP (ILOKANO)
"HPD-284A, Japanese",PHOTOGRAPHIC LINE-UP (JAPANESE)
"HPD-284A, Korean",PHOTOGRAPHIC LINE-UP (KOREAN)
"HPD-284A, Laotian",PHOTOGRAPHIC LINE-UP (LAOTIAN)
"HPD-284A, Marshallese",PHOTOGRAPHIC LINE-UP (MARSHALLESE)
"HPD-284A, Samoan",PHOTOGRAPHIC LINE-UP (SAMOAN)
"HPD-284A, Spanish",PHOTOGRAPHIC LINE-UP (SPANISH)
"HPD-284A, Tagalog",PHOTOGRAPHIC LINE-UP (TAGALOG)
"HPD-284A, Tongan",PHOTOGRAPHIC LINE-UP (TONGAN)
"HPD-284A, Vietnamese",PHOTOGRAPHIC LINE-UP (VIETNAMESE)
HPD-284B,SEQUENTIAL PHOTOGRAPHIC  LINEUP (CRS)
HPD-284C,SEQUENTIAL PHOTOGRAPHIC LINEUP INSTRUCTIONS AND RESULTS (CRS)
HPD-284D,ALTERNATE SIMPLIFIED INSTRUCTIONS FOR SEQUENTIAL PHOTOGRAPHIC LINEUP 
HPD-284E1,PRELIMINARY STATEMENT - FIELD SHOWUP/LINEUP 
HPD-284E2,FIELD SHOWUP/LINEUP INSTRUCTIONS AND RESULTS
HPD-284F,FIELD SHOWUP/LINEUP WITNESS STATEMENT 
HPD-284G,PHYSICAL LINEUP (CRS)
HPD-285,"STRIKE POST
  REPORT"
HPD-287,DAILY EXPENSE VOUCHER
HPD-288,HOUSE MOVING - BUILDING RELOCATION
HPD-296,"EXCESS
  LODGING COST JUSTIFICATION"
HPD-306,NEIGHBORHOOD SECURITY WATCH
HPD-306A,COORDINATOR'S DUTIES
HPD-306B,CAPTAIN'S DUTIES
HPD-306C,WHAT TO DO FOR SECURITY WATCH MEMBERS
HPD-306D,SAFETY TIPS FOR DRIVERS
HPD-306E,NSW BLOCK AND CAPTAINS LIST
HPD-306F,NSW MEMBER LIST
HPD-308,CAD-EVENT CATEGORIZATION AND ACTIVITY CLASSIFICATION
HPD-310,REQUEST FOR POLICE SPECIAL ACCOUNT
HPD-316,ROUTING  SLIP
HPD-317,SHOPLIFTING  REPORT (CRS)
HPD-317A,SHOPLIFTING  REPORT - CONTINUATION PAGE (CRS)
HPD-323,"OVERTIME
  AND COMPENSATORY TIME EARNED REPORT"
HPD-323A,"OVERTIME
  AND COMPENSATORY TIME EARNED WEEKLY"
HPD-323B,"OVERTIME
  AND COMPENSATORY TIME EARNED DAILY"
HPD-324,"TEMPORARY
  ASSIGNMENT"
HPD-332,POLICE OFFICER INVOLVED IN MVA
HPD-332A,BUREAU  REVIEW OF MVC
HPD-334,OUTSIDE EMPLOYMENT- REQUEST
HPD-334A,"REAL
  ESTATE LICENSE DISCLOSURE"
HPD-345,DEFICIENT REPORT NOTICE
HPD-346,"EQUIPMENT
  AND VEHICLE INSPECTION"
HPD-346A,"CITY-OWNED
  VEHICLE INSPECTION"
HPD-346B,"SOLO
  MOTORCYCLE INSPECTION"
HPD-347,MEDICAL RETURN TO WORK (PHYSICIAN'S RELEASE)
HPD-347A,SUPERVISOR'S FOLLOW-UP REPORT OF SICK/INJURED EMPLOYEE
HPD-349,CHANGE OF STATUS
HPD-349A,POLICE EMPLOYEE DEPLOYMENT SYSTEM CREATION SHEET (PEDS)
HPD-349C,PARENT-TEACHER CONFERENCE REQUEST FOR LEAVE
HPD-350,"USE OF
  OFFICER'S PRIVATE VEHICLE FOR COVERT OPERATIONS"
HPD-351,"REQUISITION
  FOR PUBLICITY"
HPD-352,HPD ACAMS ACCESS REQUEST FORM
HPD-355A,CRIME INFORMATION BULLETIN
HPD-355B,CRIME  INFORMATION BULLETIN - OUTSIDE ASSIST
HPD-357,LEAVE WITHOUT PAY REQUEST
HPD-361A,UNSCHEDULED INSPECTION REPORT FORM
HPD-364,RESERVE OFFICER PROGRAM-MONTHLY WORKLOAD RECORD
HPD-364A,RESERVE OFFICER APPLICANT CHECK LIST
HPD-367,INTERNAL COMPLAINT FORM - EMPLOYEE
HPD-367A,CIVILIAN EMPLOYEE COMPLAINT
HPD-367B,INTERNAL INVESTIGATION
HPD-367C,PROFESSIONAL STANDARDS OFFICE WRITTEN COMPLAINT FORM (Statement Form)
"HPD-367C, Chinese",PROFESSIONAL STANDARDS OFFICE WRITTEN COMPLAINT FORM (STATEMENT FORM) (CHINESE)
"HPD-367C, Chuukese",PROFESSIONAL STANDARDS OFFICE WRITTEN COMPLAINT FORM (STATEMENT FORM) (CHUUKESE)
"HPD-367C, Ilokano",PROFESSIONAL STANDARDS OFFICE WRITTEN STATEMENT FORM (STATEMENT FORM) (ILOKANO)
"HPD-367C, Japanese",PROFESSIONAL STANDARDS OFFICE WRITTEN COMPLAINT FORM (STATEMENT FORM) (JAPANESE)
"HPD-367C, Korean",PROFESSIONAL STANDARDS OFFICE WRITTEN COMPLAINT FORM (STATEMENT FORM) (KOREAN)
"HPD-367C, Laotian",PROFESSIONAL STANDARDS OFFICE WRITTEN COMPLAINT FORM (STATEMENT FORM) (LAOTIAN)
"HPD-367C, Marshallese",PROFESSIONAL STANDARDS OFFICE WRITTEN COMPLAINT FORM (STATEMENT FORM) (MARSHALLESE)
"HPD-367C, Samoan",PROFESSIONAL STANDARDS OFFICE WRITTEN COMPLAINT FORM (STATEMENT FORM) (SAMOAN)
"HPD-367C, Spanish",PROFESSIONAL STANDARDS OFFICE WRITTEN COMPLAINT FORM (STATEMENT FORM) (SPANISH)
"HPD-367C, Tagalog",PROFESSIONAL STANDARDS OFFICE WRITTEN COMPLAINT FORM (STATEMENT FORM) (TAGALOG)
"HPD-367C, Tongan",PROFESSIONAL STANDARDS OFFICE WRITTEN COMPLAINT FORM (STATEMENT FORM) (TONGAN)
"HPD-367C, Vietnamese",PROFESSIONAL STANDARDS OFFICE WRITTEN COMPLAINT FORM (STATEMENT FORM) (VIETNAMESE)
HPD-367C1,PROFESSIONAL STANDARDS OFFICE WRITTEN COMPLAINT CONTINUATION REPORT
"HPD-367C1, Chinese",PROFESSIONAL STANDARDS OFFICE WRITTEN COMPLAINT CONTINUATION REPORT (CHINESE)
"HPD-367C1, Chuukese",PROFESSIONAL STANDARDS OFFICE COMPLAINT CONTINUATION REPORT (CHUUKESE)
"HPD-367C1, Ilokano",PROFESSIONAL STANDARDS OFFICE COMPLAINT CONTINUATION REPORT (ILOKANO)
"HPD-367C1, Japanese",PROFESSIONAL STANDARDS OFFICE COMPLAINT CONTINUATION REPORT (JAPANESE)
"HPD-367C1, Korean",PROFESSIONAL STANDARDS OFFICE COMPLAINT CONTINUATION REPORT (KOREAN)
"HPD-367C1, Laotian",PROFESSIONAL STANDARDS OFFICE COMPLAINT CONTINUATION REPORT (LAOTIAN)
"HPD-367C1, Marshallese",PROFESSIONAL STANDARDS OFFICE COMPLAINT CONTINUATION REPORT (MARSHALLESE)
"HPD-367C1, Samoan",PROFESSIONAL STANDARDS OFFICE COMPLAINT CONTINUATION REPORT (SAMOAN)
"HPD-367C1, Spanish",PROFESSIONAL STANDARDS OFFICE COMPLAINT CONTINUATION REPORT (SPANISH)
"HPD-367C1, Tagalog",PROFESSIONAL STANDARDS OFFICE COMPLAINT CONTINUATION REPORT (TAGALOG)
"HPD-367C1, Tongan",PROFESSIONAL STANDARDS OFFICE COMPLAINT CONTINUATION REPORT (TONGAN)
"HPD-367C1, Vietnamese",PROFESSIONAL STANDARDS OFFICE COMPLAINT CONTINUATION REPORT (VIETNAMESE)
HPD-367C2,PROFESSIONAL STANDARDS OFFICE WRITTEN COMPLAINT OPEN-ENDED
"HPD-367C2, Chinese",PROFESSIONAL STANDARDS OFFICE WRITTEN COMPLAINT OPEN-ENDED (CHINESE)
"HPD-367C2, Chuukese",PROFESSIONAL STANDARDS OFFICE WRITTEN COMPLAINT OPEN-ENDED (CHUUKESE)
"HPD-367C2, Ilokano",PROFESSIONAL STANDARDS OFFICE WRITTEN COMPLAINT OPEN-ENDED (ILOKANO)
"HPD-367C2, Japanese",PROFESSIONAL STANDARDS OFFICE WRITTEN COMPLAINT OPEN-ENDED (JAPANESE)
"HPD-367C2, Korean",PROFESSIONAL STANDARDS OFFICE WRITTEN COMPLAINT OPEN-ENDED (KOREAN)
"HPD-367C2, Laotian",PROFESSIONAL STANDARDS OFFICE WRITTEN COMPLAINT OPEN-ENDED (LAOTIAN)
"HPD-367C2, Marshallese",PROFESSIONAL STANDARDS OFFICE WRITTEN COMPLAINT OPEN-ENDED (MARSHALLESE)
"HPD-367C2, Samoan",PROFESSIONAL STANDARDS OFFICE WRITTEN COMPLAINT OPEN-ENDED (SAMOAN)
"HPD-367C2, Spanish",PROFESSIONAL STANDARDS OFFICE WRITTEN COMPLAINT OPEN-ENDED (SPANISH)
"HPD-367C2, Tagalog",PROFESSIONAL STANDARDS OFFICE WRITTEN COMPLAINT OPEN-ENDED (TAGALOG)
"HPD-367C2, Tongan",PROFESSIONAL STANDARDS OFFICE WRITTEN COMPLAINT OPEN-ENDED (TONGAN)
"HPD-367C2, Vietnamese",PROFESSIONAL STANDARDS OFFICE WRITTEN COMPLAINT OPEN-ENDED (VIETNAMESE)
HPD-367C3,PROFESSIONAL STANDARDS OFFICE WRITTEN COMPLAINT AND NOTARIZATION
"HPD-367C3, Chinese",PROFESSIONAL STANDARDS OFFICE WRITTEN COMPLAINT AND NOTARIZATION (CHINESE)
"HPD-367C3, Chuukese",PROFESSIONAL STANDARDS OFFICE WRITTEN COMPLAINT AND NOTARIZATION (CHUUKESE)
"HPD-367C3, Ilokano",PROFESSIONAL STANDARDS OFFICE WRITTEN COMPLAINT AND NOTARIZATION (ILOKANO)
"HPD-367C3, Japanese",PROFESSIONAL STANDARDS OFFICE WRITTEN COMPLAINT AND NOTARIZATION (JAPANESE)
"HPD-367C3, Korean",PROFESSIONAL STANDARDS OFFICE WRITTEN COMPLAINT AND NOTARIZATION (KOREAN)
"HPD-367C3, Laotian",PROFESSIONAL STANDARDS OFFICE WRITTEN COMPLAINT AND NOTARIZATION (LAOTIAN)
"HPD-367C3, Marshallese",PROFESSIONAL STANDARDS OFFICE WRITTEN COMPLAINT AND NOTARIZATION (MARSHALLESE)
"HPD-367C3, Samoan",PROFESSIONAL STANDARDS OFFICE WRITTEN COMPLAINT AND NOTARIZATION (SAMOAN)
"HPD-367C3, Spanish",PROFESSIONAL STANDARDS OFFICE WRITTEN COMPLAINT AND NOTARIZATION (SPANISH)
"HPD-367C3, Tagalog",PROFESSIONAL STANDARDS OFFICE WRITTEN COMPLAINT AND NOTARIZATION (TAGALOG)
"HPD-367C3, Tongan",PROFESSIONAL STANDARDS OFFICE WRITTEN COMPLAINT AND NOTARIZATION (TONGAN)
"HPD-367C3, Vietnamese",PROFESSIONAL STANDARDS OFFICE WRITTEN COMPLAINT AND NOTARIZATION (VIETNAMESE)
HPD-367D,GARRITY RIGHTS
HPD-367E,HONESTY CONSIDERATIONS
HPD-374,"POLYGRAPH
  WAIVER/INFORMATION FORM"
"HPD-374, Chinese",POLYGRAPH WAIVER/INFORMATION FORM (CHINESE)
"HPD-374, Chuukese",POLYGRAPH WAIVER/INFORMATION FORM (CHUUKESE)
"HPD-374, Ilokano",POLYGRAPH WAIVER/INFORMATION FORM (ILOKANO)
"HPD-374, Japanese",POLYGRAPH WAIVER/INFORMATION FORM (JAPANESE)
"HPD-374, Korean",POLYGRAPH WAIVER/INFORMATION FORM (KOREAN)
"HPD-374, Laotian",POLGRAPH WAIVER/INFORMATION FORM (LAOTIAN)
"HPD-374, Marshallese",POLYGRAPH WAIVER/INFORMATION FORM (MARSHALLESE)
"HPD-374, Samoan",POLYGRAPH WAIVER/INFORMATION FORM (SAMOAN)
"HPD-374, Spanish",POLYGRAPH WAIVER/INFORMATION FORM (SPANISH)
"HPD-374, Tagalog",POLYGRAPH WAIVER/INFORMATION FORM (TAGALOG)
"HPD-374, Tongan",POLYGRAPH WAIVER/INFORMATION FORM (TONGAN)
"HPD-374, Vietnamese",POLYGRAPH WAIVER/INFORMATION FORM (VIETNAMESE)
HPD-375,"EMPLOYEE'S
  ATTENDANCE AND LEAVE RECORD"
HPD-381,VEHICLE  INFORMATION FORM - P1 (MOTORIZED)
HPD-381A,VEHICLE INFORMATION FORM - P2 (Non-Motorized)
HPD-384,PERSONNEL PERFORMANCE RECORD
HPD-385,"ADULT WAIVER, RIDE-ALONG PROGRAM"
HPD-389,REQUEST FOR VIDEO SERVICES
HPD-391,REQUEST TO SCHEDULE TRAINING
HPD-393,SEARCH CONSENT - WRITTEN (CRS)
"HPD-393, Chinese",SEARCH CONSENT - WRITTEN (CHINESE)
"HPD-393, Chuukese",SEARCH CONSENT - WRITTEN (CHUUKESE)
"HPD-393, Ilokano",SEARCH CONSENT - WRITTEN (ILOKANO)
"HPD-393, Japanese",SEARCH CONSENT - WRITTEN (JAPANESE)
"HPD-393, Korean",SEARCH CONSENT - WRITTEN (KOREAN)
"HPD-393, Laotian",SEARCH CONSENT - WRITTEN (LAOTIAN)
"HPD-393, Marshallese",SEARCH CONSENT - WRITTEN (MARSHALLESE)
"HPD-393, Samoan",SEARCH CONSENT - WRITTEN (SAMOAN)
"HPD-393, Spanish",SEARCH CONSENT - WRITTEN (SPANISH)
"HPD-393, Tagalog",SEARCH CONSENT - WRITTEN (TAGALOG)
"HPD-393, Tongan",SEARCH CONSENT - WRITTEN (TONGAN)
"HPD-393, Vietnamese",SEARCH CONSENT - WRITTEN (VIETNAMESE)
HPD-394,DNA COLLECTION FROM RELATIVES OF A MISSING PERSON CONSENT AND INFORMATION FORM
HPD-396B1,SANCTIONS FOR USE OF INTOXICANTS...& IMPLIED CONSENT...
HPD-396B2,SANCTIONS FOR USE OF INTOXICANTS...& IMPLIED CONSENT...
HPD-396B3,SANCTIONS FOR USE OF INTOXICANTS...& IMPLIED CONSENT...
HPD-396B4,ACKNOWLEDGEMENT OF RECEIPT OF SANCTION INFO & IMPLIED CONSENT TESTING CHOICE
HPD-396D,SWORN STATEMENT OF INTOXILYZER 8000 OPERATOR
HPD-396E,INTOXILYZER 8000 SUPERVISOR'S SWORN STATEMENT
HPD-396G,FELONY INTOXILYZER TEST
HPD-396H,SANCTIONS FOR UNDERAGE PERSONS REFUSING ALCOHOL TESTING
HPD-396J,DRUG INFLUENCE EVALUATION
HPD-396K,USE OF INTOXICANTS WHILE OPERATING A VEHICLE - IMPLIED CONSENT FOR TESTING
HPD-400,AFTER-ACTION REPORT FOR COMPLETED TRAINING
HPD-402,PUBLIC RELATIONS CARD
HPD-405,INSTRUCTIONS FOR USING THE EXPOSURE REPORT FORM
HPD-405A,"EXPOSURE REPORT FORM, BLOOD OR OTHER BODY FLUID"
HPD-405B,COMMUNICABLE DISEASE EXPOSURE FOLLOW-UP FORM
HPD-405B,COMMUNICABLE DISEASE EXPOSURE FOLLOW-UP FORM
HPD-405C,HEPATITIS B VACCINE PARTICIPATION/DECLINATION
HPD-405D,HEALTH HISTORY/IMMUNIZATION RECORD
HPD-405E,POST EXPOSURE FOLLOW-UP PROCEDURE FORM
HPD-406,CRIMINAL TRESPASS REPORT - CITIZEN'S ARREST (CRS)
HPD-407,HPC PERSONNEL COMPLAINT INFO REFERRAL CARD
"HPD-407, Chinese",HPC PERSONNEL COMPLAINT INFO REFERRAL CARD (CHINESE)
"HPD-407, Chuukese",HPC PERSONNEL COMPLAINT INFO REFERRAL CARD (CHUUKESE)
"HPD-407, Ilokano",HPC PERSONNEL COMPLAINT INFO REFERRAL CARD (ILOKANO)
"HPD-407, Japanese",HPC PERSONNEL COMPLAINT INFO REFERRAL CARD (JAPANESE)
"HPD-407, Korean",HPC PERSONNEL COMPLAINT INFO REFERRAL CARD (KOREAN)
"HPD-407, Laotian",HPC PERSONNEL COMPLAINT INFO REFERRAL CARD (LAOTIAN)
"HPD-407, Marshallese",HPC PERSONNEL COMPLAINT INFO REFERRAL CARD (MARSHALLESE)
"HPD-407, Samoan",HPC PERSONNEL COMPLAINT INFO REFERRAL CARD (SAMOAN)
"HPD-407, Spanish",HPC PERSONNEL COMPLAINT INFO REFERRAL CARD (SPANISH)
"HPD-407, Tagalog",HPC PERSONNEL COMPLAINT INFO REFERRAL CARD (TAGALOG)
"HPD-407, Tongan",HPC PERSONNEL COMPLAINT INFO REFERRAL CARD (TONGAN)
"HPD-407, Vietnamese",HPC PERSONNEL COMPLAINT INFO REFERRAL CARD (VIETNAMESE)
HPD-407A,COMPLAINT RECEIVED
HPD-407B,COMPLAINT TRACKING FORM
HPD-411,BAILOUT PROCEDURE CARD
HPD-412,INVESTIGATION/FOLLOW-UP PROCEDURE CARD
HPD-415,PUBLIC APPEARANCES AND SPEAKER REQUESTS - AFTER-ACTION REPORT
HPD-415A,SPEAKER'S REQUEST FOLLOW-UP
HPD-420,HELICOPTER PATROL LOG
HPD-420A,HELICOPTER PATROL LOG ACTIVITY
HPD-421,INVESTIGATIVE HOLD ON VEHICLE
HPD-422,REVIEW AND REPRODUCTION SERVICE REQUEST
HPD-424A,STANDARDIZED FIELD SOBRIETY TEST REPORT (CRS)
HPD-424D,INTOXICATION CONTROL ROADBLOCK ESTABLISHMENT AND OPERATION (CRS)
HPD-424E,PRELIMINARY ALCOHOL SCREENING REPORT (CRS)
HPD-425,TOW WAGON - FAILURE TO RESPOND
HPD-429,TRAVEL REQUEST AUTHORIZATION
HPD-429A,TRAVEL REQUEST JUSTIFICATION ATTACHMENT
HPD-431,SWORN PERSONNEL INSPECTION
HPD-431A,CIVILIAN PERSONNEL INSPECTION
HPD-431B,PLAINCLOTHES PERSONNEL RANDOM INSPECTION
HPD-431C,SWORN PERSONNEL EQUIPMENT AND VEHICLE FIELD INSPECTION FORM
HPD-432,HAZARDOUS DUTY PAY
HPD-434,REQUST FOR MUG PHOTOGRAPHS
HPD-436,DISASTER EXPENSE REPORT
HPD-439,PHOTOGRAPHIC REPORT (CRS)
HPD-441,AUTOMOBILE RENTAL JUSTIFICATION
HPD-443,VICTIM INFORMATION CARD
HPD-443A,NOTICE OF WARRANTLESS SEARCH
HPD-445B,CONTINUATION SHEET - 4 PHOTOS (CRS)
HPD-445D,PHOTOGRAPHIC REPORT CONTINUATION SHEET - 2 (CRS)
HPD-448,PERMIT FOR USE OF POLICE HEADQUARTERS LAWN
HPD-457,RELEASED ON OWN RECOGNIZANCE
HPD-458,"SUSPECT, WEAPON, AND VEHICLE DESCRIPTION"
"HPD-458, Chinese","SUSPECT, WEAPON, AND VEHICLE DESCRIPTION (CHINESE)"
"HPD-458, Chuukese","SUSPECT, WEAPON, AND VEHICLE DESCRIPTION (CHUUKESE)"
"HPD-458, Ilokano","SUSPECT, WEAPON, AND VEHICLE DESCRIPTION (ILOKANO)"
"HPD-458, Japanese","SUPECT, WEAPON, AND VEHICLE DESCRIPTION (JAPANESE)"
"HPD-458, Korean","SUSPECT, WEAPON, AND VEHICLE DESCRIPTION (KOREAN)"
"HPD-458, Laotian","SUSPECT, WEAPON, AND VEHICLE DESCRIPTION (LAOTIAN)"
"HPD-458, Marshallese","SUSPECT, WEAPON, AND VEHICLE DESCRIPTION (MARSHALLESE)"
"HPD-458, Samoan","SUSPECT, WEAPON, AND VEHICLE DESCRIPTION (SAMOAN)"
"HPD-458, Spanish","SUSPECT, WEAPON, AND VEHICLE DESCRIPTION (SPANISH)"
"HPD-458, Tagalog","SUSPECT, WEAPON, AND VEHICLE DESCRIPTION (TAGALOG)"
"HPD-458, Tongan","SUSPECT, WEAPON, AND VEHICLE DESCRIPTION (TONGAN)"
"HPD-458, Vietnamese","SUSPECT, WEAPON, AND VEHICLE DESCRIPTION (VIETNAMESE)"
HPD-459,IDENTIFICATION RECORDS - REGISTER FOR THE USE OF...
HPD-460,HEALTH AND/OR SAFETY HAZARD
HPD-460A,HAZZARD ASSESSMENT WORKSHEET
HPD-462,CRIME INFORMATION BULLETIN - CANCELLATION
HPD-464,LEDGER OF COURT ORDERS FOR PROTECTION
HPD-465,INDEBTNESS - NOTIFICATION
HPD-465A,INDEBTNESS HEARING - REQUEST
HPD-471,FIREARMS NOTIFICATION CARD
HPD-471A,DETECTIVE CALLING CARD
HPD-473A,REQUEST FOR USE OF SUPPLEMENTAL FIREARMS
HPD-475B,HYBRID VEH INCENTIVE PROGRAM - APPLICATION
HPD-475C,HYBRID VEH INCENTIVE PROGRAM - REQ FOR REIMBURSEMENT
HPD-478,NARCOTICS INVESTIGATION FOLLOW-UP REPORT
HPD-482,JUVENILLE SECURE DETENTION LOG
HPD-482A,JUVENILE SECURE DETENTION LOG - CONTINUATION SHEET
HPD-488,F.U.C.C. STATEMENT: PERSON ACCEPTING THE CREDIT CARD AND CONTINUATION PAGES (7 PAGES)  (CRS)
HPD-489,FRAUD/FORGERY STATEMENT: PERSON ACCEPTING THE CHECK AND CONTINUATION PAGES (3 PAGES) (CRS)
HPD-490,FRAUD/FORGERY STATEMENT:  ACCOUNT HOLDER AND CONTINUATION PAGES (4 PAGES) (CRS)
HPD-491,INVESTIGATOR CONTACT - CID
HPD-491A,INVESTIGATOR CONTACT - TRAFFIC DIVISION
HPD-492,REQUEST FOR LABORATORY EXAMINATION (CRS)
HPD-493,TEMPORARY ASSIGNMENT REPORT
HPD-494,F.U.C.C. STATEMENT: ACCOUNT HOLDER'S STATEMENT PAGES (3 PAGES) (CRS)
HPD-495,F.U.C.C. FORGERY DISCLOSURE FORM (2 PAGES) (CRS)
HPD-496,TRANSFER OF OT PAYMENT FOR SPECIAL ASSIGNMENT
HPD-497,DECLARATION OF TRAFFIC CITATION CANCELLATION
HPD-497A,DAILY CITATION RECEIPT
HPD-497B,PARKING METER DAILY COLLECTION REPORT
HPD-497C,ROUTE REPORT
HPD-497D,VEHICLE CONDITION REPORT
HPD-497E,DAILY CITATION REPORT
HPD-497F,ROUTE REPORT
HPD-497G,REQUEST TO VERIFY JAMMED METER
HPD-497H,PARKING COMPLAINT
HPD-497I,PARKING METER COMPLAINT
HPD-497J,OFF-STREET PARKING LOT COLLECTION RECORD
HPD-497K,ON-STREET PARKING METER COLLECTION RECORD
HPD-497L,PARKING METER DAILY SERVICE REPORT
HPD-497M,VOLUNTEERS ACTIVITY SHEET - DISABLED PERSONS PARKING ENFORCEMENT PROGRAM
HPD-497N,RESPONSIBILITIES & GUIDELINES FOR VOLUNTEERS - DISABLED PARKING ENFORCEMENT PROGRAM
HPD-497O,ALAPAI PARKING FORM - Revocable Permit
HPD-498,BADGE ENCASEMENT REQUEST
HPD-499,MPO- II APPLICATION
HPD-500,JAPANESE/HONOLULU OFFICER EXCHANGE PROGRAM APPLICATION
HPD-501,GRAFITTI HOTLINE
HPD-502,NOTICE OF SEIZURE FOR FORFEITURE (CRS)
HPD-503,DIGITAL MULTIMEDIA EVIDENCE RECOVERY (CRS)
HPD-504,NCIC III DATA CUSTODY LOG
HPD-505,TRAFFIC CASE ACTIVITY
HPD-507,HOLDING FACILITY INSPECTION
HPD-508,STANDARDIZED FIELD SOBRIETY TESTS
HPD-509,AUTHORIZATION TO DISBURSE MONEY TO CLAIMANT (yellow)
HPD-509A,AUTHORIZATION TO DISBURSE MONEY TO CITY GENERAL (blue)
HPD-510,CORRECTION OF AN ARRESTED PERSON'S IDENTIFICATION
HPD-511,NEW FORFEITURE CASE ACCEPTED INTO EVIDENCE
HPD-512,CONFIDENTIAL INFORMANT INFORMATION
HPD-512A,CONFIDENTIAL INFORMANT QUESTIONNAIRE
HPD-512B,CONFIDENTIAL INFORMANT'S SPECIAL CONSENT AND SIGNATURE
HPD-512C,CONFIDENTIAL INFORMANT'S CASE LOAD
HPD-512D,CONFIDENTIAL INFORMANT CONTACT REPORT
HPD-512E,RECEIPT OF MONEY BY CONFIDENTIAL INFORMANT
HPD-512F,EXCEPTIONAL HANDLING REPORT
HPD-512G,CONFIDENTIAL INFORMANT AUDIT
HPD-512H,CONFIDENTIAL INFORMANT TERMINATION DEBRIEFING
HPD-513,JUVENILE JUSTICE INFORMATION SYSTEM SECURITY REQUEST
HPD-513A,IIQ SYSTEM ACCESS AUTHORIZATION
HPD-513B,IIQ SYSTEM SECURITY REQUEST
HPD-513D,LInX SYSTEM SECURITY REQUEST
HPD-513D1,"HAWAII LAW ENFORCEMENT INFORMATION EXCHANGE (LInX) SYSTEM, USER ACKNOWLEDGEMENT"
HPD-513E,DIGITAL FORENSICS WORK REQUEST  (CRS)
HPD-513F,DATA SECTION WORK REQUEST
HPD-513G,ITD NON-MDC EQUIPMENT WITHDRAWAL REQUEST RECORD
HPD-513H,ITD NON-MDC EQUIPMENT WITHDRAWAL MASTER
HPD-514,EXEMPTION REQUEST - NARCOTICS CASE ACTIVATION
HPD-515,F.U.C.C. STATEMENT: RE COUNTERFEIT BUSINESS CHECK (2 PAGES) (CRS)
HPD-517,NOTICE OF ANIMAL NUISANCE COMPLAINT
HPD-519,REQUEST TO REVIEW FINANCIAL RECORDS
HPD-520,OPERATOR'S CERTIFICATE
HPD-521,U.C.P.V. RELEASE STATEMENT:  REGISTERED OWNER (CRS)
HPD-522,THEFT 2ND STATEMENT:  AUTHORIZED REP OF THE STORE (CRS)
HPD-523,MANUAL OF OPERATIONS ISSUE/UPDATE
HPD-524,HPD INFORMATION REQUEST FOR PURPOSES OF IDENTIFICATION AND LOCATION (CRS)
HPD-524A,HPD REQUEST FOR INFORMATION ABOUT VICTIMS OF A CRIME (CRS)
HPD-524B,HPD INFORMATION REQUEST FOR PERSONS IN CUSTODY (CRS)
HPD-525,ADULT BOOKING INFORMATION WORKSHEET (CRS)
HPD-525A,JUVENILE BOOKING INFORMATION WORKSHEET (CRS)
HPD-526,"ALAPAI HEADQUARTERS PRIVATE, EMERGENCY REFUGE SHELTER REGISTRATION FORM"
HPD-527,ITD SUBPOENA LOG
HPD-528,MASS ARREST REPORT
HPD-528,MASS ARREST REPORT (CRS)
HPD-529,HRD POSITION PROCESSING PRIORITY REQUEST
HPD-530,REQUEST FOR DOCUMENT TRANSLATION SERVICES
HPD-531,QUALITY ASSURANCE SERVICE EVALUATION
HPD-531A,PAWN/SECONDHAND DEALER - PAWN/BUY
HPD-531B,PAWN/SECONDHAND DEALER -  PAWN/BUY CONT.
HPD-531C,PAWN/SECONDHAND DEALER - JEWELRY
HPD-531D,PAWN/SECONDHAND DEALER - INSPECTION
HPD-532,ACKNOWLEDGEMENT OF RECEIPT
HPD-533,TRAVEL EVALUATION REPORT
HPD-535,AUTHORIZATION FOR DIRECT DEPOSIT OF NET SALARY OR WAGES
HPD-536,HPD CHANGE REQUEST FORM
HPD-537,REQUEST FOR NEWS RELEASE FORM
HPD-538,SCHOOL TRAFFIC MONITOR / JUNIOR POLICE OFFICER QUALITY ASSURANCE CHECK FORM
HPD-539,NUISANCE ABATEMENT NOTICE
HPD-540,NOTICE OF ILLEGAL USE OF PROPERTY AND ACKNOWLEDGEMENT OF FORFEITURE WARNING
HPD-541,HPD POLICE REPORT AND VIDEO REQUEST FORM
HPD-DV-LAP,DOMESTIC VIOLENCE LETHALITY ASSESMENET SCREEN
HPD-DV1,HONOLULU POLICE DEPARTMENT DOMESTIC VIOLENCE SUPPLEMENT A  (CRS)
HPD-DV2,HONOLULU POLICE DEPARTMENT DOMESTIC VIOLENCE SUPPLEMENT B  (CRS)
HPD-DV3,HONOLULU POLICE DEPARTMENT DOMESTIC VIOLENCE SUPPLEMENT C
JDPC-DCT-HRS-ADULT-FEL,FELONY HRS DECLARATION IN SUPPORT OF WARRANTLESS ARREST AND JUDICIAL DETERMINATION OF PROBABLE CAUSE - JDPC (CRS)
JDPC-DCT-HRS-ADULT-MISD,MISDEMEANOR DECLARATION IN SUPPORT OF WARRANTLESS ARREST AND JUDICIAL DETERMINATION OF PROBABLE CAUSE- JDPC (CRS)
JDPC-DCT-ROH-ADULT-MISD,MISDEMEANOR DECLARATION IN SUPPORT OF WARANTLESS ARREST AND JUDICIAL DETERMINATION OF PROBABLE CAUSE- JDPC (CRS)
JDPC-FAM-HRS-ADULT-FEL,FELONY FAMILY DECLARATION IN SUPPORT OF WARRANTLESS ARREST AND JUDICIAL DETERMINATION OF PROBABLE CAUSE - JDPC (CRS)
JDPC-FAM-HRS-ADULT-MISD,MISDEMEANOR DECLARATION IN SUPPORT OF WARRANTLESS ARREST AND JUDICIAL DETERMINATION OF PROBABLE CAUSE- JDPC (CRS)
JDPC-FAM-HRS-JUV-FEL,FELONY JUVENILE FAMILY DECLARATION IN SUPPORT OF WARRANTLESS ARREST AND JUDICIAL DETERMINATION OF PROBABLE CAUSE - JDPC (CRS)
MH-1,"APPLICATION BY POLICE OFFICER FOR EMERGENCY EVALUATION (MH-1), STATE OF HAWAII-DEPT. OF HEALTH"
MVAR DOT-1-174A,"MOTOR VEHICLE ACCIDENT REPORT (MVAR) FORMS, DOT1-174A (HWY-T), REV 08/18"
PA-140,"DISTRICT COURT OF THE FIRST CIRCUIT, COMPLAINT (WARRANT OF ARREST) (CRS)"
PA-205,"PRELIMINARY HEARING FORM, SCREENING INFORMATION (CRS)"
PA-242,CONFERRAL WITNESS LIST (CRS)
PA-267,PETITION - FAMILY COURT (HRS 571) (CRS)
Workload Assessment,HPD Workload Template
